{"stats":{"minecraft:picked_up":{"securitycraft:keypad_item":1},"minecraft:custom":{"minecraft:jump":23,"minecraft:time_since_rest":11097,"minecraft:crouch_one_cm":90,"minecraft:sprint_one_cm":227,"minecraft:leave_game":4,"minecraft:play_time":11097,"minecraft:time_since_death":11097,"minecraft:walk_one_cm":1740,"minecraft:sneak_time":116,"minecraft:total_world_time":11097,"minecraft:fall_one_cm":418,"minecraft:fly_one_cm":437,"minecraft:open_chest":1},"minecraft:used":{"securitycraft:keypad_chest":1,"securitycraft:protecto":1,"securitycraft:keypad_door_item":1,"securitycraft:keypad_item":1,"securitycraft:door_indestructible_iron_item":4}},"DataVersion":3465}